{
  "project_info": {
    "project_number": "372165893061",
    "firebase_url": "https://flutter-signin-797fa.firebaseio.com",
    "project_id": "flutter-signin-797fa",
    "storage_bucket": "flutter-signin-797fa.appspot.com"
  },
  "client": [
    {
      "client_info": {
        "mobilesdk_app_id": "1:372165893061:android:731121cb9221bd4f5409ac",
        "android_client_info": {
          "package_name": "com.fernandoherrera.flutterauthapp"
        }
      },
      "oauth_client": [
        {
          "client_id": "372165893061-o9sr3nipc4voct9cbrvsrjt346nufc8c.apps.googleusercontent.com",
          "client_type": 1,
          "android_info": {
            "package_name": "com.fernandoherrera.flutterauthapp",
            "certificate_hash": "1d4f389462069fc675a773bde4b0da2780b19df0"
          }
        },
        {
          "client_id": "372165893061-itqi8lgjhjb1oi0ihao18lu97rfam644.apps.googleusercontent.com",
          "client_type": 3
        }
      ],
      "api_key": [
        {
          "current_key": "AIzaSyAFtkQ3RsQIZXHX6t577BjqFVd5bOYNLag"
        }
      ],
      "services": {
        "appinvite_service": {
          "other_platform_oauth_client": [
            {
              "client_id": "372165893061-itqi8lgjhjb1oi0ihao18lu97rfam644.apps.googleusercontent.com",
              "client_type": 3
            }
          ]
        }
      }
    }
  ],
  "configuration_version": "1"
}